1,An inspiration in all aspects: Fashion
1, fitness
1, beauty and personality. :)KISSES TheFashionIcon
1,Apka Apna Awam Ka Channel Frankline Tv Aam Admi Production Please Visit Or Likes  Share :)Fb Page :...
1,Beautiful album from  the greatest unsung guitar genius of our time - and I've met the great backstage
1,Good luck to Rich riding for great project in this Sunday. Can you donate?
1,Omg he... kissed... him crying with joy
1,happy anniv ming and papi!!!!! love love happy
1,thanks happy
1,C'mon Tweeps
1, Join  vote for the singer! Do spread the word. :D
1,Thanks for the great review! smile
1,Yay another art raffle! Everything you need to know is in the picture :D
1,Hello I hope you visit Luxor its amazing city in Egypt pleas check
1,We got a Vive tracker in the office and our intern
1, went to work.Don't get too excited
1, this isn't
1,Take a look at favourites.io You can do this and more happy
1,Go back to school for music! I think I will in time happy
1,Sixth spot not applicable Team! Higher pa! :)KISSES TheFashionIcon
1,thanks for being top influencers in my community last week happy
1,Share the love: thanks for being top new followers this week happy  Want this?
1,retweet this tweet if you want your to be included in the nhc scrapbook!! i'll be making something out of all of the usern
1,Happy 420 happy  pass it to your followers!
1,Who wants some good vibes? Watch this on YouTube or TV100 application now for FREE happy
1,Great to work with you too such a lovely place! Thank you for havin
1,Nothing is ever as it seems. What looks bad today
1, will be a blessing tomorrow happy  Keep your faith stirred up each day!
1,Mmmmmmmm love naughty wives smile
1,You deserve a vacation happy
1,Never known how hard it is until last to  days how to resist temptation to enter politics debates on social media happy  stood firm so far
1,Some summer salad inspiration for the BBQ smile
1,Hey thanks for being top new followers this week! Much appreciated happy  Want this ?
1,you should post this offer on this website happy
1,thanks for being top new followers - have a great week happy
1,I prefer it to sharm - enjoy it happy  Gouna 20km away is also quite nice - honestly anywhere away from crazy cairo is
1,Sixth spot not applicable Team! Higher pa! :)KISSES TheFashionIcon
1,Hey thanks for being top new followers this week! Much appreciated happy
1,thanks for the recent follow. Much appreciated happy
1,Thanks Lala.. Much needed happy
1,Thanks for connecting We are passionate about  - hope you like our tweets happy
1,hey
1, keep smiling happy
1,Said it yesterday... happy
1,We love that our bloggers love us so much happy  Thank you for such an amazing review The Perfect Glasses h
1,only way to make sense of those crazy edge cases is the idea of sharing revenue was offensive
1, rather
1,Gentle reminder on our TP guidelines happy  please read and spread. Thank you. happy KISSES TheFashionIcon
1,keep being you
1, cheeky :D
1,smile  So true. For someone who was being recognised for her contribution to fashion
1, she might have dressed a bit better.
1,sounds like a lot of fun :D I like it
1,Oh
1, Jin was spotted at Everland today. Nice to see them having a break after the US tour happy
1,There was nothing religious in it. is calling out sexism. I don't think I need to spell out my stand
1,Go back to school for music! I think I will in time happy
1,Theres only one thing I want to change about you . Your Last Name happy  ALDUBOnly
1,welcome brother  happy
1,Thanks for the recent follow Happy to connect happy  have a great Thursday.
1,SONE who cant stream at Genie!You CAN stream for TY at Genie! We are still sharing some Genie IDs. If you want it
1, DM us happy  S
1,Spending time with dogs or other animals is great at helping you to relax and de-stress. Great idea happy
1,My new video for happy  I hope you like ithappy
1,Got This interview poppin happy  $$$$$
1,Love your tweetability! We'd like to reach out to with an opportunity! Could you hit us with your email happy
1,Thanks for the recent follow Happy to connect happy  have a great Thursday.
1,uss
1, I'll DM you half naked pictures happy
1,Evet happy
1,Well
1, I hope it doesn't last too long and you at least get to enjoy the weekend. And happy birthday again happy
1,Excited about event next week in Bangalore!  come happy
1,Want to win a pet chick happy  Simply follow  retweet for your chance to win! Winners will be selected Sunday 23rd. Go
1,Top retweeters this week
1, Thank you happy
1,dope!! that's a cool word. finally down with the hip young millenial memers smile
1,2nd Cousin Vlad !!!!! maybe thats a message from the Hockey G
1,Thanks for the recent follow Happy to connect happy  have a great Thursday. (Want this?
1,Earlier happy
1,Just win at weekend and it will be a late gift
1, ok? :D
1,we finally got jinyoung to wipe it for jaebum himself but their precious son blocks it for the world to witness it
1,Here is question 18! Make sure to use in all your tweets  replies happy
1,And this credit also goes to Ik happy
1,My other accounts:them both or get rekt! :D
1,Hey thanks for being top new followers this week! Much appreciated happy
1,Les videre happy
1,clauditte
1,my friend is such an egg
1,congratulations David! Well done Mrs V! Welcome Jessica! happy
1,have you tried these new hacks?! **TRYING DUMB LIFE HACKS 17**
1,Keep tweeting team. Higher! Thank you for the efforts. :)KISSES TheFashionIcon
1,here are some very happy boys to brighten up your day happy
1,A huge thank you to all the within the Social Work  Care Sectors! Keep up the great work happy
1,Lunchtime with Flinthook! This game has so much personality :D
1,Ministers of PMLN are happy like those students who never studied for exams  luckily exams got delayed. They'll still ha
1,:D When mom is a bit tired
1,What we did after the climax shot happy
1,Miss Petite happy Thursday happy   looking forward to the weekend?
1,rt  quote with your name for a calligraphy of it happy  i'll try my best to make it pretty!! non mutuals/mutuals (ifb) fl
1,mutual: let's talk more!me: for sure!mutual:  happy  me:
1,I got TH will add sim ant as a possible thanks happy
1,If you want a friend in Washington
1, get a dog. :D
1,Congrats Winner :D and it's Eyounji you did well my girl
1,Did you notice? There is no killings of RSS / BJP workers in another Southern State? CM is dismantling Xtian infra in Munnar?
1,Hi please rt my pinned post happy
1,The video will definitely be a 30 minute episode if not longer.
1,I would love to win these gorgeous nail polishes :D! Aren't they cute
1,Jae celebrating with Sheena Easton after the triumphant opening night of 42nd Street in the West End! happy
1,Happy belated birthday :)Another duet of you and Amaal is much needed
1,Your titties are fantastic. Kissy Kissy
1,Pls RT[NCT FIC] Love Song
1,Goodevening happy
1,Ministers of PMLN are happy like those students who never studied for exams  luckily exams got delayed. They'll still ha
1,Thanks for the retweets this week. Much appreciated happy   Want this
1,=Thumbnail UHC= This is my best render ever :Dand Favs are appreciated brosOpinios ?
1,Thanks again for notifying us! We have updated our add-on plans accordingly happy
1,Very cool! happy  surrounds you for a full recovery.
1,A nice morning working from today. Lovely atmosphere
1, friendly service
1, wifi
1, comforting London fog.
1,I just did happy
1,Have a great day everyone happy
1,Kiera's Quest: Awakenings (Kiera's Quest  Book 1)
1,Have you voted for The Wolf's Bite on Greenlight yet? happy  help us get Wolfie  Pigs on Steam!
1,Go back to school for music! I think I will in time happy
1,Here is a new thesis by another genius.Sir
1, we loved to have reply by you. :D Now get lost .
1,your birthday isn't for another for hours for me
1, but happy birthday hoe! have a good day
1, i love you i guess happy
1,Its hard to see your best friend with another girl happy
1,The offer still going happy
1,If you can't be there for someone at their worst then you don't deserve to be there at their best :)KISSES TheFashionIcon
1,Demit the gocoh game is real crying with joy
1,Found use for the sewable LED holder happy
1,Select from 14 award-winning Laura Taylor romance ebooks
1,So excited for the things coming in the future happy  things are going great
1,you guys are entertaining and insightful... and one of the reasons i have been really enjoying LPL a lot more this season :D
1,Thats how it sounds like at superbooth happy
1,i want to learn the choreo but my ugly body says no crying with joy
1,Share the love you're top engaged community members this week! Much Appreciated happy
1,Hi Kylie
1, looking forward to you visiting! You've picked a great day too
1, the sun is shining happy
1,Ok. Just please read the replies on this....
1,THIS RIGHT HERE.aren't you happy you don't have [x]???NO. BECAUSE I'M STILL HERE IN THIS 'CONDITION' WITH NO I
1,To all FLA members and officers who are going to Cebu tomorrow silence  Godbless piss off mga ante and angkol!  happy
1,for every like ill post an answer smile
1,Maybe not a band but we can definitely collab! Hi my name is Philip  happy
1,LEGO_Group: LegoThursdays JokerSquad_SWG LEGOLANDWindsor Sounds like you had lots of fun! happy
1,a friend who would like a BRAND NEW Strapback hats only 14.99 at
1,yes you had smile
1,mata_tytan: almightyTANNER: good evening everyone happy  join our twitter party tonight. official tagline:TANN
1,First attempts of bird photography. :-)Passer domesticus. How surprising. wink
1,People who don%27t know me always think I am quiet. People who do know me. wish I was :)KISSES TheFashionIcon
1,Love you too P!
1,RT: good evening everyone happy  join our twitter party tonight. official tagline:TANNER WelcomeBackPH TMI
1,oh yes happy
1,Hey Robert Rolih thanks for the follow! What does coastal living mean to you? Reply with photo :D
1,Have you ever been to AUSTRALIA! :D Love your vids. Lovo on youtube :D
1,OPENING UP TO YOU LOT!RT LIKES WOULD BE LAAAAAVERLY :D .xxENJOY
1,In other words they never missed articles happy
1,IF THE BELOW TWEET HITS 1000 IS GETTING RIAN HOLDING THE STICKER TOO!!! Click the below tweet  SM
1,Bill Nye Answers Science Questions From Twitter | WIRED
1,How are you doing today? happy
1,We're ready for our next fire lighting session at - we have a few keen early birds here already smile
1,Go Kisses!!...  I know you can do it..
1,If this gets 70rts I will giveaway 5 minecraft accounts and an origin account randomly to people who retw
1,Hi Mr. Yen! Will you be doing any signings in New York some day? Your a great role model happy
1,it's just a cut during one of my kitchen experiments happy
1,Wow i just made a JS compressor that actually checks scoped variables existing. Turns out i have a few issues happy  Linters may be useful happy
1,This week Marilyn pops by and get's down and dirty  happy  Cum see!
1,loool i'm mad avoid me today :D
1,You're welcome Thomas happy  Kim
1, Look at this happy
1,He didn't play for a year
1, so I'm super impressed he's got his musical mojo back! Thank you so much happy
1,Watch this MayWard Fam!
1,I was thinking the same. Our i know is so cute happy
1,SONE who cant stream at Genie!You CAN stream for TY at Genie! We are still sharing some Genie IDs. If you want it
1, DM us happy  S
1,Mythbuster/20 happy
1,Aha it's okay  she's going to be on Rough Night happy
1,Company photoshoot with our fabulous photographer happy  Look at this determination (concrete shoes) to get
1,Perfect
1, this worked out beautifully. If you redesign the import page to suit the whole application would mak
1,Hey
1, have a great day today happy
1,Come volunteer at The Abbeydale Picture House! Next Wednesday...
1,Should have had Farnell Fursday isn%27t it happy  all meet up at Tax and Pounds happy
1,Here's one of my rolls of 'Poundland' film! (A store that sells all products at 140.) And here's the DX d
1,Thanks for the recent follow Happy to connect happy  have a great Thursday.
1,thanks :D
1,Love them! Can I get some? smile
1,OPENING UP TO YOU LOT!RT LIKES WOULD BE LAAAAAVERLY :D .xxENJOY
1,Spending my night talking to my beloved ???Perfect.I LOVE YOU MAN! happy
1,.Is the winner of the donation giveaway
1, answer this with yoyour steam trade link and ill send you right away :D
1,for the recent follow. Much appreciated happy  Want this?
1,I think I'm probably beyond repair by the sounds of tea etiquette happy
1,.- layout- btob happy
1,i am if you're still looking for one happy
1,Sydney tomorrow
1, Byron in 3 weeks
1, Hobart in 7 weeks. Lots to look forward to happy
1,I hit that
1, new job starts in to  weeks! :D
1,Why do people on the internet have to be such asses annoyance  Here's some positivity for you. I love your art!!! :D It's so pretty!!
1,The best community gathering coming up! We're full
1, but here's how you can be a part of this happy
1,mutual: let's talk more!me: for sure!mutual:  happy  me:
1,Happy birthday Megan happy
1,Just wandering around
1, popping into a store
1, owner told me about it (as in article) smile
1,Did you see this one? happy  Transitional Piece // Chiffon Dress
1,Sixth spot not applicable Team! Higher pa! :)KISSES TheFashionIcon
1,Thank you crew happy
1,a little video i made for the love of my life
1,
1, minute yoongi~watch 'til the end for a free cookie happy
1,Just let is know when you'd like one happy
1,you know what i really love about you lot?not only do you support me in the comments
1, you also support each other! AN
1,I just did happy
1,hey
1, keep smiling happy
1,Nothing could be better happy
1,so inspiring crying with joy
1,instant message fine yoo
1, thank you happy
1,What a day! What better way to spend this sunny day than drinks by the shore happy
1,I suppose they are waiting for you happy
1,Aww hating that I got sponsored
1, how childish of you Commando happy
1,Definitely wasn't what I was looking for :/ But gave it a try anyway happy
1,The one with backward cap
1, please! :D| KenBie
1,blessing your first day of April happy
1,Helloo :D  (keep_smiling_y)
1,my contribution to ( posted on my tumblr a while ago crying with joy  )
1,Happy Birthday in Chopin style - Piano Improvisation
1,Yes
1, the problem is only affecting webmail itself. Accessing email from other applications works fine happy  ^mkl
1,He's the best happy
1,where are you now? happy
1,Enter to win 1 of to  boxes of highly anticipated books! 6 books in each box! Open INT happy
1,Congratulation my world happy
1,Helloo :D Mr Drippy (CallMeErgan)
1,good crying with joy  i love you so much
1,Wow awesome GOG! thanks happy
1,Does anybody out there need any motion design or animation help?  If so I am available happy
1,YES!!! Neil Gaiman for life! :D
1,As the last event for chapter 1
1, we've invited 24 people to propose visions of the future. Jom happy
1,Exaseetly what's happening in TN Politisees. This is not to get BJP at all to TN. Game is different. Again
1, you'll be see
1,i don%27t know doesnt seem fair to me..two against one happy
1,Helloo :D Braids! (keyrazygirl15)
1,Thank you mama bear! Ang ganda mo happy
1,Okay
1, now I'm really out. happy
1,Helloo :D Kesh (MzKeshNJ)
1,As in most used. Stats don't care about motivation happy
1,kind of jealous with you all laughs but it's ny fault for not working hard happy
1,Appreciate your recent retweets Have a great Thursday happy
1,SHOULD I STAY ? SHOULD I GO ? NOBODY KNOWS happy
1,Helloo :D Mack. (Macktimus)
1,LADIES!  - tell me why yoyoyou don't play golf. What wyoyoyoud make yoyoyou want to play? Top 3 reasons yoyoyou DO play? heyjyoyoyoude66info
1,Thanks for the this week
1, much appreciated happy
1,Nearly done now! Thanks everyone for joining and hope to see you same time next Thursday happy
1,Oh that feel when you have 10 gems :D
1,Helloo :D chammy (shamirakay)
1,Good luck to Rich riding for great project in this Sunday. Can you donate?
1,You too my friend. smile
1,RT: almightyTANNER: good evening everyone happy  join our twitter party tonight. official tagline:TANNER WelcomeB
1,Amazing stuff!!! Thansk for this happy  Birth Control - Gamma Ray (1972)
1,Noted on this Sir
1, The bus from Bangsar heading to Awan Besar. Have a Good Day happy
1,Thanks for the recent follow Happy to connect happy  have a great Thursday. Want this
1,Helloo :D Best damn avocado (Batsyy_)
1,lets agree she put her brain on knees crying with joy
1,Wish you were here smile
1,Everyone from getting punched :D
1,i welcome you to germany then. i have no authority to welcome you in the other countries though! happy
1,better be oldschool crying with joy  RS3 equals  aids 3
1,Nothing could be better happy
1,PLEASE THIS BEAUTIFUL PRINCESS HAVE YOUR HELP
1, Give a little for her happy
1,always running out of space on my phone
1, thank you kpop crying with joy
1,One by one Allah ease my problem . Lot of thanks to Him crying with joy
1,thank you for sharing happy
1,Nothing could be better happy
1,Hopefully it should be OK happy  Charts don't look too bad at moment but depends on tides  directions
1, Keep
1,soon :' I need you so much crying with joy  {} I need you kaswa :'
1,Only laksa can make me okaay now crying with joy  I need laksa
1,Helloo :D car fox  (ror925)
1,Thanks for connecting We are passionate about  - hope you like our tweets happy
1,mutual: let's talk more!me: for sure!mutual:  happy  me:
1,Who wants some good vibes? Watch this on YouTube or TV100 application now for FREE happy
1,Tara
1, Hi
1, all! I'm Roy Dahildahil
1, co-founder of and I'll be moderating tonights tweetchat. happy
1,SONE who cant stream at Genie!You CAN stream for TY at Genie! We are still sharing some Genie IDs. If you want it
1, DM us happy  S
1,Enjoy happy
1,Happy Thursday loves!! happy
1,Good Morning Peady
1, you need a direct coffee feed to Starbucks happy
1,You better check this out
1,Thanks for the recent follow Happy to connect happy  have a great Thursday. Want this
1,Ummm announced a new show in Buffalo! He should ask to be an opener! happy
1,The world is so big. Too big for our problems and worries to take over our world. There is much to smile for happy
1,Friday after the conference some of us will go for dinner to favourite smile
1,Follow  to a Saga diary and a year's worth of Saga pens :)TCs
1,Im done trying to take men seriously happy
1,for being top High Value Members this week happy
1,okay happy
1,little fans. - happy
1,Here's the full art for both Glyph Keeper and his mummy token. For those interested they will be hitting ebay tonig
1,Seokjinie went to Everland today~ I guess he forgot that he's an idol
1, which is good for him happy
1,Welcome happy
1,i wasn't saying i read a book today
1, i was telling you to read a book today. knowledge is power. knowledge is growth. kee
1,in game you move him to camera happy
1,Veronice and Jughead! happy
1,oh my god it's raining where i live too crying with joy  AND STOP OMG I WANNA CUDDLE HIM NOW
1,Hehe take care Andy friend happy
1,vocal coach IG post:
1,Hold off the frowns until you've used the new application - which is made by the same team! happy
1,I love it when Ben sleeps in because I get to watch all the programmes I want on Netflix without interruption !!!! happy
1,Thanks happy
1,Nothing could be better happy
1,Thank you crew happy
1,Someone asked me Hows life? I just smiled and replied
1, Shes fine :)KISSES TheFashionIcon
1,Yeaaaah! Alpha Invitation well received happy
1,Good luck Swampy happy
1,What to do when you are feeling bad - buy a new book and get engrossed into a new world happy
1,in may go away happy
1,April is really really bloody. I'm so proud of our boys crying with joy
1,Have you smiled today? Never forget to smile happy
1,Then and now happy
1,Gott happy
1,Nothing could be better happy
1,There you guys. Read it for once at least. crying with joy
1,I hope Louis gets all the off time that he wants and comes back fresh and happy happy
1,Yes we can do that! happy
1,Famfrit with and people happy
1,But
1, er
1, sloths are great? So it's a good un-unthinkable picture? Have I dug mysel
1,Thanks much appreciated happy  The magic of
1,On our way home happy  happy si Noah sa skyranch
1,Thanks for the recent follow Happy to connect happy  have a great Thursday. Want this
1,This is why I made the video about improving your line work on YouTube
1, when you have to do things like this happy
1,Client work for rt and favorite happy
1,Everything is a choice happy
1,Awesome! makes a good nurse maid
1, huh? happy
1,Thanks for the recent follow Happy to connect happy  have a great Thursday.
1,Thanks for being top engaged community members this week happy  - Try this too
1,Thanks for the recent follow Happy to connect happy  have a great Thursday.
1,Funny happy
1,1st day of JA Entertainment's Marathi Film Savita Damodar Paranjpe Have been a big fan of this story. Finally get
1,Its been a good day hey. happy
1,mutual: let's talk more!me: for sure!mutual:  happy  me:
1,Surround yourself with positivity happy
1,Still live!
1,And GST is the brain child of our Modiji happy  Perfect!
1,She also makes some of the most beautiful art (my biggest inspo) All for sale if anyone is interested happy
1,Thanks for the recent follow Happy to connect happy  have a great Thursday. Want this
1,Thanks for up-voting us on PH happy
1,good
1, that might have cost you $3 a month!!!!   happy
1,Great to see you buddy nicest dude in the world. Keep killing it brother happy
1,i have bronchitis i love that happy
1,Thanks for the recent follow Happy to connect happy  have a great Thursday.  Want this
1,20% off all Knight  Day Jewellery ends this Sunday-Why not pick up something nice for
1,The Bank Job
1, coming soon to a screen near you.
1,157 days to go happy
1,going to go meet andrew for lunch now but i'll be back at to  or to :30
1, i'm upstairs to the right happy
1,We're you also at our signing session with Qian Liu  Jared Wright after the last performance of Onegin? Share your
1,Happy birthday
1, Bram Stoker. Can't wait to show you in bronze soon. happy
1,Not in the tweet I ve meant the article itself happy
1,i send people bunny pics
1, let me know if you're up for that happy
1,Thanks for being top engaged community members this week happy  (Want this ?
1,If you're an aspiring developer in or near Krakw this is an excellent opportunity. They even pay their interns happy
1,Thankfully I didn't have to chop it myself
1, arrived on the back of a little tipper lorry smile
1,Prepare to be inspired! happy
1,Ready Now! One 9 week old chocolate female puppy from Harlowe x Sterling! happy  This girl is a sweetheart and has a...
1,Again as I said I do see your concerns. But I assure you sir that Hinduism will stay Dharma and will no
1,This is just super Can't wait happy
1,Notice anything unusual? Happy birthday to the lovely Frooty! happy
1,Rose come to him! He's really your enthusiast :-D using SO MUCH not SO MAY!  :-)~~~
1,Thanks for the follow happy  If we can help your business in anyway please get in touch
1,Thanks for the recent follow Happy to connect happy  have a great Thursday.
1,.a scan for your tumblr happy
1,New Upcoming Heroes REVEALED! WUKONG
1, DRAGON  MORE! OMG :D
1,This never happened with our happy
1,Awesome recommendation Jess! Listened to the
1,thanks b happy
1,Congratulations
1, you've got the message happy
1,That's kaki no tane and it's amazing! Foyound a place here in Germany where you can import it! :D
1,No breaks and a first practice exam happy
1,made dinner for two tonight happy
1,Share the love you're top engaged community members this week! Much Appreciated happy
1,You know exactly what I'm talking about happy
1,Thanks for the recent follow Happy to connect happy  have a great Thursday.  Want this ?
1,Shihaaaa help me on my bishie hunttt equals  ^ equals )
1,Puzzle Pieces [64]rt and like for the next please :){20 rts
1, 30 likes?} hehe
1,dropped you a follow on Twitch happy
1,So many cool games and updates release today. happy
1,isn't it terrible that we live in a world where we have to address anticipated criticism of our thoughts first? happy
1,that I said 
1, chaged for the best for our Singto. Please
1, cheer up the new administrator team. happy
1,Seems you like my black lingerie picture then happy
1,Thanks for being top engaged community members this week happy   Want this
1,Good morning! I hope you slept well~ happy
1,This never happened with our happy
1,A lot of games this month? :D
1,me everything and anything these days
1,how do we book the cars service for the swards tommorow :D
1,Thanks for your feedback! It' just the starting phase
1, there will be more figures happy
1,Can I pop in a request for assassin shower gel? happy
1,mutual: let's talk more!me: for sure!mutual:  happy  me:
1,Looking forward to this. Come out to see us! Our booth is going to be right in the center of the field. happy
1,thanks a lot
1, will check it happy
1,Well this was fun. Thanks for stopping by and giving me shit tonight fellas  :D much love. FeelsGoodMan
1,You kills me crying with joy
1,see the next tweet! I did about 5 different things while keeping very calm
1, can list them if you want happy
1,thanks for the recent follow
1, much appreciated happy   Want this ?
1,How people write a joke on religion online.*Joke**Just joking guys
1, no offence :)** Don't want to hurt anyone. All i
1,Thanks for the recent follow Happy to connect happy  have a great Thursday.  Want this
1,Not yet! Maybe this year happy
1,Hey thanks for being my top new followers this week! Much appreciated happy   Want this ?
1,Jack and Finn Harries crying with joy
1,I don't think you'd understand how much a stream would mean happy  even if it is very make-do
1, it would be awesome.
1,No stress Mariana
1,Beetle done and joins Wall-E
1, the Mini and the Campervan happy
1,Stats for the day have arrived. 1 new follower and NO unfollowers happy  via
1,why i didnt save it happy  going to re-color again the
1,Share the love: thanks for being top new followers this week happy
1,Thanks for the recent follow Happy to connect happy  have a great Thursday. Want it
1,I considered asking where that came from. :D
1,Thanks by has  notice of me Greetings : JossetteD'Hermanni
1,thanks for the recent follow. Much appreciated happy  (Want this for It's Magical!
1,Thank you so much my friend smile  xx
1,Worship me and spoil me happy
1,Stats for the day have arrived. 1 new follower and NO unfollowers happy  via
1,Superstar thanks so much for the kind words! Look forward to seeing you soon buddy smile
1,New second home coming soon! :D
1,I used to like my neighbours
1, until they put a password on their Wi-Fi :)KISSES TheFashionIcon
1,you still syoure ? :D
1,thanks for the recent follow. Much appreciated happy   Want this ?
1,hi cham
1, any updates about the batch 1 of army bomb v2? happy
1,Do happy we are at 27 million keep it up happy  and we are at 71 million we are so close to have another 100m
1,Just photoblogged! happy  Re-using old locations
1,mutual: let's talk more!me: for sure!mutual:  happy  me:
1,NEW VIDEO!Stream Montage - we finally unboxed a Spectrum Knife :)Hope you like it! here:
1,minah starts crying because of the fans and yura  hyeri make her laugh to cheer her up.. I can't crying with joy
1,Stats for the week have arrived. 1 new follower and NO unfollowers happy  via
1,ready for 420 happy
1,FAT ASS GIRL FAT FETISH760 HOT VIDEOS ONLINE
1,thanks for the recent follow. Much appreciated happy  - I sent this with
1,And he said it silence  in Morgan Freeman's voice happy
1,Thank you happy
1,If you eat your steak well done please unfollow me happy
1,Hows the quintly trial happy  ?
1,This is what life is about. Enjoy happy
1,Stats for the week have arrived. 1 new follower and NO unfollowers happy  via
1,lips though
1,Exaseetly what's happening in TN Politisees. This is not to get BJP at all to TN. Game is different. Again
1, you'll be see
1,Our crazy EASTER! Our donkey is insane! Seriously crazy haha!
1,Morning. Coffee time happy
1,thanks for the recent follow. Much appreciated happy  Want this ?
1,thanks for the recent follow. Much appreciated happy  Want this
1,we would love to have you as a guest on podcast sometime!!! Only 15 minute smile  interested???
1,KissWard tagline:tweet with us Pans :)NoOneCanSTOP KissWard
1,Thank you crew happy
1,I love my six pack so much
1, I protect it with a layer of fat :)KISSES TheFashionIcon
1,Share the love: thanks for being top new followers this week happy
1,Share the love - High Value Members of this week happy
1,If looks could kill......... smile
1,Or the station didn't check. happy  Surely some combination of 0xx-xxx-x938 or 0xx-9
1,Nothing moves faster than a girl untagging herself from an ugly picture :)KISSES TheFashionIcon
1,You too. smile
1,This is great happy
1,Happy 10th Wedding Anniversary Aishwarya Rai-Abhishek Bachchan happy
1,Swanmen setting up! Pablo is waiting for more news to happen happy
1,Thanks for up-voting us on PH happy
1,Hiii. . Gentleman Commander (Bryannousaurus) happy
1,Thanks for the recent follow Happy to connect happy  have a great Thursday.
1,Joo okay happy
1,Close up of the animation 3I will post the second part soon! happy
1,We don%27t spam him in any way
1, we just reply to his tweets?? Like all his other followers do.....This is pointless
1,
1,thanks for the recent follow. Much appreciated happy   Want this ?
1,Hiii. . Reece (ReeceBoast) happy
1,Alaye give me iphone7 or dollars for my birthdayDo normal abeg
1,thanks for the recent follow. Much appreciated happy  Get it
1,Superstar thanks so much for the kind words! Look forward to seeing you soon buddy smile
1,Naeem Bokhari says... Mian has gone !! are so cute NB happy  But NS is ugly evil.
1,that's insane! good luck for that! I took it off yesterday afternoon. :D
1,Have I told you lately that olive juice? :D
1, Updated the text for my video intro by drawing it with the line tool in Paint Tool Sai. happy
1,#NAME?
1,.Thanks happy
1,I hate people who steal my ideas
1, before I think of them :)KISSES TheFashionIcon
1,I've been given a Custom Console Bundle to giveaway! happy  this tweet  be following me to enter! Ends
1,And give one to every student and myswlf happy
1,Don't mention it! :D
1,Episode two now crying with joy
1,I'm surprised you don't use an Adblocker! happy
1,I just wanted to say thank you for following me
1, I really appreciate it. Hope you have a brilliant day happy
1,Happy 4/20 :)I'm drug free  I've never smoked weed before.
1,mutual: let's talk more!me: for sure!mutual:  happy  me:
1,blocked by christensen.another notch on the belt. happy
1,Just over 91% in favour of the unelectable Jeremy Corbyn happy
1,Best advice on Blogging. happy
1,Teaser coming out today at 4pm!Story
1, music and direction by of my favourites by
1,aw BCC is having a PRIDE prom and i kind of want to go happy
1,If school has taught us anything
1, its texting without looking :)KISSES TheFashionIcon
1,good morning messages never fail to make me smile happy
1,thanks for the recent follow. Much appreciated happy  Want this
1,SAP did you also use
1,Shoutout to for the donation. Looks like I'm streaming some Stanley Parable later happy
1,unfollowing bye happy
1,thank you for 2k likes on my banner project happy
1,Hi :D Retweet for a follow!!!
1,? News ? :D
1,When your efforts pay off... happy
1,no pressure happy
1,HAPPY BDAY MIDAWGDARNIZLLE  i love you a long time happy  thanks for being my best friend forever and attempting to travel on the road
1,Fri or Thu? I'm going to the Friday showing :D
1,I was thinking about how I don't want to go to school and I'm suddenkyfeeling good happy
1,no i don%27t :))
1,tonight 7pm
1,A Treaty could provide security/ tech for culture development happy
1,Thanks for the recent follow Happy to connect happy  have a great Thursday. Get it
1,more goodies spotted! :D
1,Another great day out in Westhoughton
1, delivering the Conservative message of strong  stable leadership. happy
1,morning happy
1,I had that down south and had no issues
1, going to see what's about and speak to people that live near to me and see what they use happy
1,I've been trying to bank sleep all week happy  I doubt I'll be able to sleep Friday or Saturday night
1,
1,i understand....i do silly shit like that to make my friends smile happy
1,Well
1, I guess it's a good thing then to bring it right to the foreground and put it right in their face
1,thanks for the recent follow. Much appreciated happy   Want this
1,you know what i think? you look exceptional for a new Mum
1, my tum is still like that 20yrs on. happy
1,Who is the Prime Minster of Pakistan ? Nawaz Sharif Hahahahah happy  SorryUncle
1,Sure is happy
1,Agreed! I feel like I've skipped too many css/design fundamentals. I'm spending the next couple of
1,Hey thanks for being top new followers this week! Much appreciated happy
1,It will be at random on twitch happy
1,Good morning every one
1, Order what ever you want to eat through our website.May you all have a great day happy
1,thanks for the recent follow. Much appreciated happy  Get this
1,That would be a great trick happy
1,OMG I'M SO HAPPY!!  new video about ma bigbang babies happy
1,happy birthday ! happy  hope you have a good one
1,because you are one happy
1,Totoo po? Waaahhh may heart!!! Heart everywhere happy  love it
1,Good morning every one
1, Order what ever you want to eat through our website.May you all have a great day happy
1,Thank you so much sir happy  please watch the film and call me happy
1,thanks! happy
1,happy  Me too I hope
1,they are real subs and here's the link for the video happy
1,Opening sentences of happy
1,rt for 50 ffs-rt pinned tweet!!-be patient -legiiiiiiit-no saved accounts happy
1,Thanks for being top engaged community members this week happy  Want this ?
1,Jem did the Dark Star Orianna splash with assistance from Alex! :D She's done lots of splash updates
1, check her AS:
1,Gippy Grewal  will be online on Twitter at 3 PM
1, just type and ask anything you like happy  aa jao for
1,Hi guys! :)We're looking for to  bartenders/mixologists to work with us at an upcoming event. DM us
1,Thanks for the recent follow Happy to connect happy  have a great Thursday.
1,Thanks for the recent follow Happy to connect happy  have a great Thursday.
1,Physics will have 80 formulas to memorize Ha.ha.ha happy
1,i'm grateful to my mom for giving birth to me and not abort me crying with joy
1,Thanks for the recent follow Happy to connect happy  have a great Thursday.
1,You nailed it!!!!! Brought tears to my eyes
1, i got goosebumps 
1, beautiful set 
1,  the perfect dress
1,  and totally of
1,Ah awesome! Pixel art stuff by any chance? happy
1,Share the love you're top engaged community members this week! Much Appreciated happy
1,Please
1, please! Watch the AFL Anzac Game on Tuesday! It's a VERY big tradition here and you'll love the sport! happy
1,Another day! Good morning!! It's April 20
1, 2017 at 07:00AM!! kamusta? don't forget to eat your breakfast guys! happy
1,yess crying with joy
1,Home run !!!! And yes Charlie is at the game happy
1,You say VUCA
1, I say TUNA happy
1,Thanks for the recent follow Happy to connect happy  have a great Thursday. (Want this? It's FREE!
1,where ? happy
1,Good morning every one
1, Order what ever you want to eat through our website.May you all have a great day happy
1,HAPPY 16th BIRTHDAY TO MY BFF! I may only be 15 and a half but I'll have you to take me places happy  have a great birt
1,thank you happy
1,Thanks for the recent follow Happy to connect happy  have a great Thursday.  Want this
1,Good morning every one
1, Order what ever you want to eat through our website.May you all have a great day happy
1,Nice
1, congratulations to both of you. happy
1,I had all and then most of you
1, some and now none of you crying with joy
1,Thanks for the recent follow Happy to connect happy  have a great Thursday. Want this ?
1,Here's me being brutally respectable in a suit... enjoy happy  contrast so you appreciate mo
1,If you're a CHAMPION
1, let me know!  :-)(I'M A CHAMPION!!!!!)Elder Lenore A. ArtisMinistries...
1,Great songs happy  Who are your favourtie member? x
1,Thanks for the recent follow Happy to connect happy  (Want this? It's FREE!
1,Charge to experience muna happy
1,Superstar thanks so much for the kind words! Look forward to seeing you soon buddy smile
1,.Thanks so much for the RT
1, and have yourself a groovy Thursday!  happy
1,Stats for the day have arrived. to  new followers and NO unfollowers happy  via
1,In Melbourne please happy
1,Thanks for the recent follow Happy to connect happy  have a great Thursday. Get it
1,Thanks for the recent follow Happy to connect happy  have a great Thursday.
1,That would be a great trick happy
1,i have a goal today happy  i%27m going to accomplish it
1,Kids versus Legends crying with joy
1,happy birthday nimesh!!! happy
1,good morning
1, Mike. Blessings to you. happy
1,Thank you happy
1,FACIALS happy
1,I'll keep you awake happy
1,Hello everyone
1, have a great Thursday! Looking forward to reading your tweets happy  Want this ?
1,if josie
1, val and reggie had more screentime riverdale wouldn't be half as bad as it is happy
1,Thanks for the recent follow Happy to connect happy  have a great Thursday. Want this
1,National BitBucket Unfriending Day to save $2 smile
1,Share the love: thanks for being top new followers this week happy
1,mutual: let's talk more!me: for sure!mutual:  happy  me:
1,Hi Carlo! I'm okay nmn. Howdy? happy
1,Those chibis though!!' :D
1,no I'm waiting for jail break happy
1,rt for 13 ffs-it's not much but they're free-legit-free but follow me first to get them quicker-be patient i will g
1,Hi Guys
1, have a great Thursday! Looking forward to reading your tweets happy  (Want this? It's FREE!
1,You too man happy
1,A Chub bun because its Easter! Happy Easter!  His name is Almond! :D
1,to  pork pies happy
1,A Chub bun because its Easter! Happy Easter!  His name is Almond! :D
1,Thank you so much smile
1,Your generous support is an integral part of my  happy  Thank you for the like!!
1,there we go again smile
1,Naeem Bokhari says... Mian has gone !! are so cute NB happy  But NS is ugly evil.
1,Thanks for being top engaged community members this week happy  - I sent this with
1,ABC News got ahold of me and asked if they could use a few seconds of my coming out video for a transgender special this f
1,Thanks for sharing happy
1,Thanks for the recent follow Happy to connect happy  have a great Thursday. Want it
1,i'm still in my bedroom and scared of going out happy
1,amazing work :D
1,thanks for the recent follow
1, much appreciated happy  Want it
1,Hi ! I want to speak to you about a business partnership. happy
1,Thanks for the recent follow Happy to connect happy  have a great Thursday.
1,Thank you so much Willow! You helped me ring in the birthday with that amazing stream last night :D
1,Another great song  Have a listen. Its good! You may well like it happy
1,Follow him happy
1,A7atein Because One 'A7a' Just Isn't Enough ({}) :D
1,tats! I have question happy
1,Another great song  Have a listen. Its good! You may well like it happy
1,Ooh
1, can't wait for those revealing qa's. happy
1,From soup and sandwiches to slow cooked pork
1, our lovely lunch menu is sure to please! smile
1,Awww yeah :D
1,What a sad life it must be
1, getting 70k
1, and still not being rich - try getting a life
1, instead of just money
1, I'd say :D
1,Hello everyone
1, have a great Thursday! Looking forward to reading your tweets happy  Want this
1,Happy birthday  have a good day happy
1,Thanks for the recent follow Happy to connect happy  have a great Thursday.
1,Hey
1, you can get a professional one here
1,That would be a great trick happy
1,That's why I say at the end of my videos If you liked it
1, give it a Like happy  it's all about choice! :D
1,THANK YOU happy
1,IF YOU ARE READING THIS I HOPE SOMETHING GREAT HAPPENS smile
1,Thanks for the recent follow Happy to connect happy  have a great Thursday.
1,Rt for an indirect from and me happy
1,Client work for rt and favorite happy
1,Do you want me to follow you back? If you do this tweet and I will. happy  only
1,And the website is down since long happy
1,friendly reminder that you can enjoy a movie or television show without having to trash another happy
1,With the help of made these sent starters for P1Q3. Open to suggestions on how to improve happy
1,Hello 1372 followers - thank you so much for following! Will love to read your Tweets happy   Want this ?
1,Thanks for the recent follow Happy to connect happy  have a great Thursday.
1,Thanks for being top engaged community members this week happy  Want this?
1,Happy 420 everyone happy
1,HAPPY BIRTHDAY  To the cyoutest/fyounniest   a d you l t   I know :')Have a good day Coreo Boreo
1,congrats! :D
1,Mmmm... the blood of my enemies... happy
1,Thanks for the recent follow Happy to connect happy  have a great Thursday.  Want this ?
1,I know  vearey moving. and TWISTY! And you aaree are
1,Tell us about happy
1,Share the love: thanks for being top new followers this week happy  Want it
1,Seokjinie went to Everland today~ I guess he forgot that he's an idol
1, which is good for him happy
1,a beautiful day happy
1,Congrats on your :D
1,SONE who cant stream at Genie!You CAN stream for TY at Genie! We are still sharing some Genie IDs. If you want it
1, DM us happy  S
1,25x25? I can go first happy
1,TICKETS AVAILABLE NOW for The 401 Festival of Running 2017
1, find out more and sign up at
1,So Happy It's Thursday*
1, or SHIT for short :)*Thanks to my friend maddy over at
1,I'm on a road with no destination . I'm just driving with a hope to find some place I like and stay there
1,I'm not lost
1,Thanks for the retweets this week. Much appreciated happy   Want this? It's FREE!
1,First happy
1,Good luck happy
1,Update: I got in :D
1,Thanks smile  much better today and thanks for the message.
1,My real time happy
1,Many thanks
1, Anne! happy
1,i wasn't saying i read a book today
1, i was telling you to read a book today. knowledge is power. knowledge is growth. kee
1,lolo bin are you fucking mental screenshot :D HAHA
1,What texts are you doing? happy   I've got the same issue!
1,Hey thanks for being top new followers this week! Much appreciated happy
1,Hi Han
1, if you follow and DM us we will be able to assist you. Chris happy
1,Thanks for the recent follow Happy to connect happy  have a great Thursday.  Want this ?
1,This was awesome--  has two fill-ins this week happy
1,Maayos didn%27t ang lahat happy  lets give him a space and time happy
1,Did you notice? There is no killings of RSS / BJP workers in another Southern State? CM is dismantling Xtian infra in Munnar?
1,TypingCure
1, class hall missions and heroic dungeons surprised  :D
1,Surround yourself with positivity happy
1,pretty happy
1,On moral grounds this verdict is in favor of PTI happy  becoz to  out of 5 judges clearly mention that our PM is...
1,AVI for my man :)Phone made like always wink
1,Share the love: thanks for being top new followers this week happy
1,tonight 7pm
1,Playoffs rematch complete!  Feels good going to worlds again :D
1,Im getting one too smile  smile  smile  smile
1,Spose you don't have to pay for accomodation which is nice haha? Or are you going to stay somewhere anyway? happy
1,A little bit overdramatic death happy
1,This is great to hear Joanna! happy  We're so pleased you've had a good experience.
1,I think I'm going to check out Even though I hear it's not as good as UE4 I believe it might be cool to tr
1,Here is the link for Seventeen's Yokohama Concert with English subs :)DDL:
1,thanks
1, I can't wait to actually see a copy smile
1,Thank you crew happy
1,Thanks for the recent follow Happy to connect happy  have a great Thursday. Want it
1,Sup guys? :D
1,Facts About Parrots in Minecraft coming soon!! :D
1,Thanks for the recent follow Happy to connect happy  have a great Thursday.
1,made dinner for two tonight happy
1,Same happy  I'll see closer to the con but it's no more than five or so. Lol same :D
1,The tutorial of Michel Grundstein Distinguishing Information from Knowledge..  will start at 15pm. Be here happy
1,Thanks for the recent follow Happy to connect happy  have a great Thursday.
1,I look good in blue happy
1,Thanks for the recent follow Happy to connect happy  have a great Thursday.
1,Jyoust a reminder... thank you for this happy
1,Your body hears everything your mind says. Be kind
1, positive and loving always happy
1,Ruby was rehomed for times before she was for months old  now loves her forever home. Pls always consider rescue when
1,3 little ones.. wish you the best happy  sounds like a fun group
1,Naila Raheem is now following me on Twitter!
1,Thanks for the recent follow Happy to connect happy  have a great Thursday.  Want this ?
1,Stats for the week have arrived. 1 new follower and NO unfollowers happy  via
1,Thanks for the recent follow Happy to connect happy  have a great Thursday. Get this
1,I love it when pretty girls call me pretty like bitch tf you too happy  let's be friends
1,Thanks for the recent follow Happy to connect happy  have a great Thursday.  Get FREE?
1,Thanks for the recent follow Happy to connect happy  have a great Thursday.
1,Thanks for the follow! happy
1,EVERY time I think that my skin is getting better
1, it just proves me wrong in a matter of days happy  fuck my life happy ))
1,Can you PM me ? :D
1,I had but I have just seen the email. SO GOOD :D
1,Released my 3rd episode of programming for everyone! Be sure to check it out happy
1,i think instant message meant to stay single and fix people's relationships my entire life smile
1,we will be never ready actually happy  idhuellam dialogue ku dhan othu varum..
1,Yes
1, this is the main reason I drink Total selflessness :D
1,Yep I'm going back to school to become an editor hopefully. Can't wait! Your sister really believes in my skills happy
1,Thanks for being top engaged community members this week happy  Want this
1,Currently standing outside the shard with a bag full of empty bottles because I came to work with tom today happy
1,Good evening happy
1,Goals of 2017: Become apart of with and Lose 50 LBSStart Youtube happy
1,Thanks for the recent follow Happy to connect happy  have a great Thursday. Want this
1,Thank you crew happy
1,Mummy
1, look how big I've become!
1,Thanks for the recent follow Happy to connect happy  have a great Thursday.
1,Thanks for the recent follow Happy to connect happy  have a great Thursday.
1,I second that! Thanks for the spin. Very much appreciated. happy
1,Make them feel that you are there to listen to their problems
1, and mag refer kana rin sakanila nice game
1,That would be a great trick happy
1,Wow
1, this looks awesome! Id love to see a VN like this :D
1,Morning
1, Jamie. Passion + perseverance equals  two of the not-so-secret ingredients in the secret sauce of success happy
1,Hi KN fans! happy
1,We bought a 523 litre fridge. I am applying for cold storage license in Bhayander West :D
1,Thanks for being top engaged community members this week happy  Want this
1,for my 2000th tweet i'd like to say i love donghyuck :D
1,I'm a Japanese Directioner :D
1,Remember- vocab knowledge is worth 75% of your grade! Will announce winner tomorrow morning at 10am! happy  15 to purchase! happy
1,good luck! You have my vote smile
1,19 days of school left happy
1,Will you do before and after pictures? I always enjoy your swanky hair happy
1,In class and I'm really bored so why not happy  Rt for one!! Mutuals  non mutuals Pls don't let me flop ;-;
1,GIVING AWAY ALL THESE SOUVENIRS TO 5 LUCKY WINNERS!To Enter: Follow + RTRolling winners in 48 hold on
1,Watch your words happy
1,Thanks for the recent follow Happy to connect happy  have a great Thursday.  Want this ?
1,Nice gif happy
1,Share the love:thanks for being top new followers this week happy   Want this
1,But I think you'll do better than me happy
1,Indeed
1, and I suspect you will be one of the few who would get it happy
1,One of our fleet is solely seeharged by domestisee hydro  Toro see
1,for trade ? happy  what yeah want ?
1,Get this to 150!!
1,New twitter acc. happy
1,Share the love - High Value Members of this week happy  (insight by
1,Soon I'll make arts happy
1,That would be a great trick happy
1,Thanks for the recent follow Happy to connect happy  have a great Thursday.
1,.NOTHING CHANGED BUT THE DATE .. APRIL 28 MAKE S
1,Delma Hanville It's official we are connected on Twitter! Thank you for the follow. Please don't ever Let It Go! happy
1,13 Reasons Why producers: we care about youth mental health :)13RW producers: *show young audience graphic rape and suicide s
1,fun and funny.... this book will warn up your kindle at night happy
1,And that's what's important! happy  that's what I'm trying to remember.
1,Congrats for 3M followers on Instagram! happy
1,Gourmet chocolates are special and should be reserved for special occasions. Plain MMs
1, not being spe
1,Sixth spot not applicable Team! Higher pa! :)KISSES TheFashionIcon
1,Can you guys make the Japanese Greninja's and Waveguider come as well? happy
1,Thanks for the recent follow Happy to connect happy  have a great Thursday.
1,thanks for the recent follow
1, much appreciated happy   Want this
1,Sister cyril came to our school once happy
1,Join us this Saturday to celebrate our Earth by planting seedings! Head to our FB page for more information. happy
1,we finally got jinyoung to wipe it for jaebum himself but their precious son blocks it for the world to witness it
1,i love him crying with joy
1,kind of like my layout happy
1,New twitter account piss off no idea MAJA SALVADOR is Follow not applicable guys happy
1,thanks for the recent follow
1, much appreciated happy  (Want this for It's Magical!
1,Congratulations very impressive happy
1,Client work for rt and favorite happy
1,Thanks for the recent follow Happy to connect happy  have a great Thursday.  Want this
1,Did you go all the way to Keem? Have you been up Minaun? That's a good one if you are into extreme driving today smile
1,I really must go see Power Rangers again. smile
1,Maybe I do
1, maybe I don't
1, who knows :D
1,Broadcaster says Fly Away reminds him of early happy
1,Great night! Hope you enjoyed the strip club after happy  Thx for photo
1,Right I seriously need a decent Butterfly Tattoo design
1, if anyone has got a design or could find me one I would be so grateful to you :D
1,thanks for the recent follow. Much appreciated happy   Want this ?
1,Thanks for the recent follow Happy to connect happy  have a great Thursday.
1,Good evening happy
1,i always knew you woyould like this one better :D hahaha.
1,Sure do! happy
1, yes it would have if it hadn't been for those meddling clouds smile
1,Gamer Follow Train!Follow MeRetweet thisFollow all who retweetedGain active followers happy  450
1,Thanks for sharing my iris photo. I really appreciate it smile
1,rt for 13 ffs-it's not much but they're free-legit-free but follow me first to get them quicker-be patient i will g
1,Myth is a good Team
1, but Genix deserves so much more than Myth! Open your Eyes The Community want
1,Hellooo.. happy  satans-daughter (taylynnox)
1,mutual: let's talk more!me: for sure!mutual:  happy  me:
1,Hellooo.. happy  Lil strait (Daddyy_rat)
1,Are you also attractive to Liza Soberano? happy
1,Pfft- crying with joy  Oh.. I hope year oldu're okay
1, papa bird? I hope year oldu don't mind? Because I want to stay with year old
1,Hellooo.. happy  Kyle Davies (RebelByACause)
1,opera Nirjhor As long as they are not claiming to be the first one :D /Rosi
1,will miss it but I'm on an open education seminar in Palestine happy
1,Stats for the day have arrived. 1 new follower and NO unfollowers happy  via
1,Wow! My friend Dara shared this from her hubby!!! He looks TERRIFIC. :)Order YOURS here -
1,Annapurna studios production no.29 on floors tomorrow. In this heat we are going to turn on the heat happy  can't expre
1,will there be a new amazingphil video today? happy
1,Veronice and Jughead! happy
1,Cpl Swallows just gone over the house. Heard them whilst flying my drone.. happy
1,Who wants some good vibes? Watch this on YouTube or TV100 application now for FREE happy
1,We've 80 so far in our collection of 150+! happy  New gin menu coming soon as well!
1,That would be a great trick happy
1,i don%27t know he looks so cool crying with joy
1,Hellooo.. happy  pussy (creepz_x)
1,on Snapchat happy
1,enjoy smile  h.e.r.
1,rt if you hate me crying with joy
1,Die evil raven! :D
1,Never give up on the things that make you smile happy
1,Stats for the day have arrived. 1 new follower and NO unfollowers happy  via
1,Haha thanks fansnim! happy
1,i took a full drink into my uber; i guess you could say instant message pretty wild. These are the Tuesdays we'll never forget happy
1,It's a very cute picture though :D
1,Play your part in raising funds for :
1,Ohh yeah and we had sausage with our pancakes happy  x
1,especially for people who have low patience level happy
1,online shopping timmeee. anyone got good site suggestions? happy
1,Not really I am a Labour supporter and am actually quite glad happy  I mean how much did he claim in 2009 fuck off
1,Issa Throwback. happy
1,Ouuuuu..... right in the jewels! :D
1,your an inspiration to everyone Miss Jones happy
1,Feeling myself
1, got on my favorite boot cut jeans and roshe runs. No girl is safe today. Have a blessed 4/20 all smile
1,Uncheck new arrivals happy
1,AVI for my man :)Phone made like always wink
1,Hellooo happy  Ross Chaplin  (MasonCooper4)
1,I write fiction. Some PR knob who writes sentence fragments on an iPad next to the Shoreditch House piss off
1,Love this!
1,instant message perfectly fine :D how about you fellow ken
1,the displayport to HDMI turned up so we back on to  screens o/ 5 days to get the dual PC stream setup sorted (lol) :D
1,pips singing let it snow crying with joy
1,Let me eat that cake! :D :P
1,Nah  over-rated happy  x
1,You may draw your conclusions from any deviation from that level either in the direction of therapy or prevention
1,Does not matter
1, as long as she's cool
1, I'll like her happy
1,Teaser coming out today at 4pm!Story
1, music and direction by of my favourites by
1,Hey everyone me and Harry have just had pancakes and maple syrup for breakfast . Great way to start the day happy  Miss you a
1,Cheers :D
1,thanks for the recent follow. Much appreciated happy  Want this
1,Thanks for sharing my iris photo. I really appreciate it smile
1,Hey thanks for being top High Value Members of last week
1, have a great
1,I'm sorry but people have to  make a living happy
1,I check Beautiful News every single day
1, It really is uplifting and inspiring
1, plus I want to win that Merc C63 silence  Sooo! happy
1,please let me meet taehyung hiks crying with joy  really hope i could win.This is my first cover
1,year old i am commenting on all the new ladylike videos. trust me. not a troll
1, just me killin time to say hey! :D
1,celebrate Hitler's birthday! =D
1,Just delivered my Managing the Online Customer Journey keynote at the Autodesk Partner Event. Incredible event
1,There're time we shcj do/did something that dissapointed ot6
1,there're time shinhwa do/did something
1,well..human. That's all i
1,new video out today happy
1,Merry Christmas everyone happy
1,big love for Anne cox happy
1,Just a new happy
1,Hellooo happy  Jackatkinson (jackat13)
1,thanks for the recent follow. Much appreciated happy  Get it
1,thanks for the recent follow
1, much appreciated happy   Want this
1,Thanks for having me!! :D
1,Hellooo happy  Xbox adHatter (XboxMadHatter)
1,is the RockSoc still going? I was there at the beginning smile
1,wow whattay decision both parties celebrating :D
1,Free market is tops!!! Real human rights sound great to me
1, thanks for your articles. B
1,Hahaa I'm second best always happy
1,Hellooo happy  KT Bear (FFABear)
1,Superstar thanks so much for the kind words! Look forward to seeing you soon buddy smile
1,yes... kind of funny and creepy at the same time  happy
1,Ministers of PMLN are happy like those students who never studied for exams  luckily exams got delayed. They'll still ha
1,If you can send me a DM with your postcode I can check a few of your local stores. Look forward to your reply happy  - Nathan 2/2
1,Petronas blue/green isnt that far away from Billy Monger blue/green.  Just a thought happy
1,I have tested all sweet dishes but they are not as sweet as my lovers lips :)MARVOREE MagpasikatOnShowtime
1,Ma de tonight i don%27t really care crying with joy
1,Had a fun welcome back to taping! first day for happy  Mainit. Pawisan. Dirty. I really miss this
1,Oh you American cultists :D
1,Hi Stefan :)I am pretty confident this is isolated case and I would be glad to help with it.Could you DM me
1,Hellooo happy  PixelSavage (Pixel_Savage_Yo)
1,I feel that way about life and is what gets me through everyday in a positive mood! happy
1,Your life is a reflection of the way you think. If you change the way you think
1, you change your whole life happy
1,More kid/parent friendly spaces like this please.
1,That would be a great trick happy
1,Va astept la acest eveniment! :)Next events:
1,Thanks for the recent follow Happy to connect happy  have a great Thursday.
1,.listen to this beautiful video of her si
1,mutual: let's talk more!me: for sure!mutual:  happy  me:
1,happy birthday crying with joy  yoyour so so cool and i hope yoyour day goes super good
1,Hellooo happy  CJAY (CJAY_100)
1,Thats sooooooooooooo sick!!!! xD Thanks so much for making it Kin!! I love it! :D
1,That would be a great trick happy
1,I think I've finally figured out the tattoo I'm getting in August :D
1,So excited for ball to start smile    my baby is in minor B and I absolutely love watching them play
1,Playing with the photo editor happy
1,Thank you! happy
1,Hellooo happy  Bluey (xBlueys)
1,I love you so much Rui-chan smile  smile
1,Hellooo happy  Xbox adHatter (XboxMadHatter)
1,Mine isn't.  They back Jeremy 100% I'm pleased to say happy
1,I dedicate this song to
1,Thanks brother 
1,stay cool 
1,keep loving Deepika 
1,ban ja hero :D
1,Made new logotypes for Really fun to work on  You should follow if you want to keep yourself updated
1,Shut up
1, you don't ever have to thank me J hunt
1, I'll always be there. Love you happy
1,Dispo 3LANs happy
1,laughing out loud so cuteee happy
1,Thanks for the recent follow Happy to connect happy  have a great Thursday.  Want this ?
1,Thanks for the recent follow Happy to connect happy  have a great Thursday.
1,That would be a great trick happy
1,Sir Ash Ketchum and Princess May. happy
1,this guy got me into exo back in 2013. he was also my very first bias in kpop. to be honest i miss him so much. happy birthd
1,Thanks for the recent follow Happy to connect happy  have a great Thursday.
1,Hi Yolandi
1, thanks so much for following us! We'd love to know what you think of our flooring range happy
1,That's the law of nature happy
1,thanks happy
1,Get your Own Rover :Dthey are Double Sided! check it out shipping: worldwide!
1,Prettier 1.0 is not the end. I just released 1.2.0 that fixes another batch of edge cases happy
1,thanks for the recent follow. Much appreciated happy  Want this?
1,.Thanks so much for the RT
1, and have yourself a groovy Thursday!  happy
1,your always welcome thank you sa treat sa susunod ako happy
1,These are for  happy
1,Slayin_Bodies Going Live...Please Tune In...Thank You happy
1,Made my day! Great story happy
1,i will do happy
1,Thanks for the recent follow Happy to connect happy  have a great Thursday.
1,Maybe? Definitely! happy  Also
1, try the front door
1, it may be open happy
1,thanks for the follow
1, have a great week!! happy
1,haha! i would love to work for a train company :D be a great dream come true!
1,Dumbing down of popular entertainment is an important issue.
1,Hey thanks for being top new followers this week! Much appreciated happy
1,i swear sometimes it's cool to break some mutuals happy
1,........Yeah sure happy
1,Go to Five Below. You can get a decent protective case that's cute for 5 bucks happy  it's where I got mi
1,Hey thanks for being top new followers this week! Much appreciated happy   Want this ?
1,Thanks for being High Value Member  this week
1, Much appreciated happy
1,I love laying in a meadow of flowers listening to Mellow's music ...a great way to relax smile
1,not going to burst more data crying with joy
1,Thanks for the recent follow Happy to connect happy  have a great Thursday. Want this
1,thanks for the recent follow. Much appreciated happy   Want this ?
1,I say keep with it. happy
1,In case you missed it
1, I released a new video about game genres.RTs are super appreciated happy
1,Thanks for the recent follow Happy to connect happy  have a great Thursday.
1,Dude
1, this freaking chapter of One Piece!! It's definitely a good one! :D
1,Who wants some good vibes? Watch this on YouTube or TV100 application now for FREE happy
1,No worries happy
1,Nitpicking
1, I know. happy
1,and the hype is real happy
1,FL design Done by me  Inspired from FL  Hopyou you all love it
1,Bambam talks the most tonight :D
1,my favorite hobby is finding the negative in a positive thing happy
1,Hey thanks for being top new followers this week! Much appreciated happy   Want this ?
1,Ah
1, sorry about that. You can always ask us to follow you so you can DM you happy
1,after that I was charged because of the driver happy  after waiting in the sun for 10 minutes! TEN!
1,to WIN draw for free download of for Celebrate with us. Developed by for
1,TRUE
1,They pinched him on a free? His quality on FM smile
1,CSGOBOUNTY GIVEAWAY - 1 random KEY. 25 RETWEETS
1, random winner :D Retweet AND LIKE to be able to win happy
1,Thanks for the recent follow Happy to connect happy  have a great Wednesday.
1,You are welcome happy
1,This makes a great point
1, I really liked  happy
1,Superstar thanks so much for the kind words! Look forward to seeing you soon buddy smile
1,Can you do that when player kills you. Then the player rank would show up. happy
1,True! U can waste a day in social media and reading websites. On the other hand
1, idea of saying No to almo
1,i love him so much i want to kindly stroke his penis :D
1,Thanks
1, i'll give it a try happy
1,I would say quite a lot...but hey
1, that's Europe
1, rather than the UK
1, isn't it? smile  Britain co
1,YO THANK YOU FOR OVER 15
1,515 SUBSCRIBERS!!!! :DTHE CONTINUES!
1,Thanks for the recent follow Happy to connect happy  have a great Thursday. Want it
1,Last retweet about happy
1,Hello everyone
1, have a great Thursday! Looking forward to reading your tweets happy   Want this
1,apr. 26th beach house! dinner+music+ party with oldies goldies happy  buffet / BBQ 40TLbeer-  wein10TL raki12.5TL h
1,We've been selected among the top 20 Social Media blogs
1, woot! smile
1,Thanks for the recent follow Happy to connect happy  have a great Thursday.
1,I wanted $25 million and they were only offering 24. smile
1,Give away Random RT! for a chance to win a 10USD iTunes or GP gift card! Winner will be selected in a few minutes happy
1,Share the love: thanks for being top new followers this week happy  Get it
1,Thanks for the recent follow Happy to connect happy  have a great Thursday.  Get FREE?
1,Thanks for the recent follow Happy to connect happy  have a great Thursday.  Want this
1,Thanks for being top engaged community members this week happy  (Want this? It's FREE!
1,What a beauty he scored the other night!! Hope we get him too happy
1,And you were there happy
1,haha! Very good tweet mate happy  heard your a big boy account! The King shit happensould we say happy  any chance of a shit happens
1,Thanks for the recent follow Happy to connect happy  have a great Thursday. Want this?
1,I appreciate the sentiment but I couldn't do that. happy
1,Younger. Softer. crying with joy
1,Happy many days
1, months and years of bonding and happiness  family MCLISSE StarMu
1,Thanks for the recent follow Happy to connect happy  have a great Thursday.
1,I'm happy   happy
1,Yes! With subtitles only happy
1,Thanks for the recent follow Happy to connect happy  have a great Wednesday. Want this
1,co
1,Thanks for the recent follow Happy to connect happy  have a great Thursday. Get it
1,Thanks for the recent follow Happy to connect happy  have a great Thursday.
1,thank you! happy
1,That would be a great trick happy
1,thanks for the recent follow. Much appreciated happy   Want this ?
1,Thanks for the recent follow Happy to connect happy  have a great Thursday. Want it
1,[bot] i'm not perfect happy
1,Retweet if you are with us? Kaway kaway family :)MCLISSE StarMusicIfWeFallinLove
1,We have a few breweries in the UK too.... smile
1,Thanks for the recent follow Happy to connect happy  have a great Thursday. Want this?
1,Thanks for the recent follow Happy to connect happy  have a great Thursday.
1,I've had it since December  my hairs stopped snapping off! It's made a massive difference! Get the
1,Be happy
1, love happy
1,That would be a great trick happy
1,Do It Like It's Legal sweaters  ..More designs available at
1,Great groove to this tune by and .. Thinking in Rewind
1,Mrs King is excited to work with students today! Check out this cool classroom shape! Lots of math in here happy
1,$ES_F $SPY  Bulls are just relentless  happy   Some setups I like today
1,Thanks for the recent follow Happy to connect happy  have a great Thursday.
1,Thanks for the recent follow Happy to connect happy  have a great Thursday.  Want this
1,Thanks for the recent follow Happy to connect happy  have a great Thursday. Want this
1,you know that the problem still exist :D
1,Thanks for the recent follow Happy to connect happy  have a great Thursday. Get this
1,#NAME?
1,ngam to  weeks left for cadet pilot exam crying with joy
1,Great! You're welcome Josh happy  ^Adam
1,Sixth spot not applicable Team! Higher pa! :)KISSES TheFashionIcon
